{
  "2025\\05": 0,
  "2025\\05\\16": 1765027023.076478,
  "2025\\05\\17": 1765027023.1049688,
  "2025\\05\\18": 1765027023.1508944,
  "2025\\05\\19": 1765027023.26679,
  "2025\\05\\22": 1765027023.2773461,
  "2025\\05\\23": 1765027023.298566,
  "2025\\05\\24": 1765027023.3116329,
  "2025\\12": 0,
  "2025\\12\\06": 1765035472.8378284,
  "2025\\12\\07": 0,
  "2025\\12\\08": 1765203966.4157693
}